firstname1,lastname1,email1@hotmail.com,company1,position1,66811111111
firstname2,lastname2,email2@hotmail.com,company2,position2,66811111112
firstname3,lastname3,email3@hotmail.com,company3,position3,66811111113
firstname4,lastname4,email4@hotmail.com,company4,position4,66811111114
firstname5,lastname5,email5@hotmail.com,company5,position5,66811111115
firstname6,lastname6,email6@hotmail.com,company6,position6,66811111116
firstname7,lastname7,email7@hotmail.com,company7,position7,66811111117
firstname8,lastname8,email8@hotmail.com,company8,position8,66811111118
firstname9,lastname9,email9@hotmail.com,company9,position9,66811111119
firstname10,lastname10,email10@hotmail.com,company10,position10,66811111120
firstname11,lastname11,email11@hotmail.com,company11,position11,66811111121
firstname12,lastname12,email12@hotmail.com,company12,position12,66811111122
firstname13,lastname13,email13@hotmail.com,company13,position13,66811111123
firstname14,lastname14,email14@hotmail.com,company14,position14,66811111124
firstname15,lastname15,email15@hotmail.com,company15,position15,66811111125
firstname16,lastname16,email16@hotmail.com,company16,position16,66811111126
firstname17,lastname17,email17@hotmail.com,company17,position17,66811111127
firstname18,lastname18,email18@hotmail.com,company18,position18,66811111128
firstname19,lastname19,email19@hotmail.com,company19,position19,66811111129
firstname20,lastname20,email20@hotmail.com,company20,position20,66811111130
